{
    "C": 1.5,
    "tol": 0.001,
    "max_iter": 250,
    "evaluation": {
        "precision": {
            "LOC": 0.8132065427797135,
            "NUM": 0.9962264150943396,
            "HUM": 0.774625702994376,
            "ENTY": 0.7028227363928335,
            "ABBR": 0.7357142857142858,
            "DESC": 0.7028690238921287
        },
        "recall": {
            "LOC": 0.8150000000000001,
            "NUM": 0.9362861280383704,
            "HUM": 0.6673429951690821,
            "ENTY": 0.7510702270702272,
            "ABBR": 0.65,
            "DESC": 0.7590909090909091
        },
        "f_measure": {
            "LOC": 0.8112280142409267,
            "NUM": 0.9651414358565452,
            "HUM": 0.7127126240731722,
            "ENTY": 0.7242887300157715,
            "ABBR": 0.6590909090909091,
            "DESC": 0.7253041833125466
        },
        "accuracy": 0.7850033507336878,
        "avg_precision": 0.7875774511446128,
        "avg_recall": 0.7631317098947648,
        "avg_f_measure": 0.7662943160983119
    }
}