{
    "C": 1.5,
    "tol": 0.001,
    "max_iter": 1000,
    "evaluation": {
        "precision": {
            "LOC": 0.8204380818666532,
            "NUM": 0.9819973748787308,
            "HUM": 0.8116161616161616,
            "ENTY": 0.7345302366678056,
            "ABBR": 0.8,
            "DESC": 0.7537946398992912
        },
        "recall": {
            "LOC": 0.8550000000000001,
            "NUM": 0.9395648165629605,
            "HUM": 0.6804830917874396,
            "ENTY": 0.7903580383580383,
            "ABBR": 0.7,
            "DESC": 0.7818181818181819
        },
        "f_measure": {
            "LOC": 0.8344331025243816,
            "NUM": 0.9599846065883801,
            "HUM": 0.7360699604585387,
            "ENTY": 0.7588522917695153,
            "ABBR": 0.72,
            "DESC": 0.7652004492859424
        },
        "accuracy": 0.8097222192727811,
        "avg_precision": 0.8170627491547737,
        "avg_recall": 0.7912040214211035,
        "avg_f_measure": 0.7957567351044597
    }
}