{
    "C": 1.5,
    "tol": 0.001,
    "max_iter": 500,
    "evaluation": {
        "precision": {
            "LOC": 0.8188476644182862,
            "NUM": 0.9819973748787308,
            "HUM": 0.8180536556247157,
            "ENTY": 0.7358811242657153,
            "ABBR": 0.82,
            "DESC": 0.7422288901012305
        },
        "recall": {
            "LOC": 0.8550000000000001,
            "NUM": 0.9395648165629605,
            "HUM": 0.6805797101449276,
            "ENTY": 0.7931661131661132,
            "ABBR": 0.65,
            "DESC": 0.7772727272727273
        },
        "f_measure": {
            "LOC": 0.8349532483933528,
            "NUM": 0.9599846065883801,
            "HUM": 0.7364963064888046,
            "ENTY": 0.7598832532674349,
            "ABBR": 0.7047619047619047,
            "DESC": 0.7571683909893893
        },
        "accuracy": 0.8091449040887243,
        "avg_precision": 0.819501451548113,
        "avg_recall": 0.7825972278577882,
        "avg_f_measure": 0.7922079517482111
    }
}