{
    "C": 0.5,
    "tol": 0.001,
    "max_iter": 500,
    "evaluation": {
        "precision": {
            "LOC": 0.8353710853710854,
            "NUM": 0.9780758062512799,
            "HUM": 0.8213975389495586,
            "ENTY": 0.7221769788932411,
            "ABBR": 0.8333333333333333,
            "DESC": 0.7322465076294863
        },
        "recall": {
            "LOC": 0.85,
            "NUM": 0.9395648165629605,
            "HUM": 0.6675362318840581,
            "ENTY": 0.788043236043236,
            "ABBR": 0.5833333333333333,
            "DESC": 0.7863636363636364
        },
        "f_measure": {
            "LOC": 0.8406949616116723,
            "NUM": 0.9582212491558286,
            "HUM": 0.7314837178454856,
            "ENTY": 0.7526347662478852,
            "ABBR": 0.660952380952381,
            "DESC": 0.7561755985136335
        },
        "accuracy": 0.8053886365684118,
        "avg_precision": 0.8204335417379974,
        "avg_recall": 0.7691402090312041,
        "avg_f_measure": 0.7833604457211478
    }
}