{
    "C": 1,
    "tol": 0.001,
    "max_iter": 500,
    "evaluation": {
        "precision": {
            "LOC": 0.8204165425218056,
            "NUM": 0.9819973748787308,
            "HUM": 0.8103613053613052,
            "ENTY": 0.7401021890237576,
            "ABBR": 0.8,
            "DESC": 0.7389618423287564
        },
        "recall": {
            "LOC": 0.875,
            "NUM": 0.9395648165629605,
            "HUM": 0.6848309178743962,
            "ENTY": 0.7825659025659025,
            "ABBR": 0.65,
            "DESC": 0.7772727272727273
        },
        "f_measure": {
            "LOC": 0.844964857971459,
            "NUM": 0.9599846065883801,
            "HUM": 0.7365603164957382,
            "ENTY": 0.758656560022944,
            "ABBR": 0.6914285714285715,
            "DESC": 0.7554796402735497
        },
        "accuracy": 0.8098080935159586,
        "avg_precision": 0.8153065423523926,
        "avg_recall": 0.7848723940459978,
        "avg_f_measure": 0.7911790921301071
    }
}