{
    "C": 1.5,
    "tol": 0.001,
    "max_iter": 750,
    "evaluation": {
        "precision": {
            "LOC": 0.7983631689221751,
            "NUM": 0.9854990583804142,
            "HUM": 0.8294856459330143,
            "ENTY": 0.7332325405518179,
            "ABBR": 0.8333333333333333,
            "DESC": 0.7462277169396806
        },
        "recall": {
            "LOC": 0.8400000000000001,
            "NUM": 0.9395648165629605,
            "HUM": 0.6981642512077295,
            "ENTY": 0.7851991971991973,
            "ABBR": 0.7,
            "DESC": 0.7727272727272727
        },
        "f_measure": {
            "LOC": 0.8156718509533716,
            "NUM": 0.9617193855708657,
            "HUM": 0.7544278506303823,
            "ENTY": 0.7559278204944544,
            "ABBR": 0.7390476190476191,
            "DESC": 0.7564345270653092
        },
        "accuracy": 0.8075072386870138,
        "avg_precision": 0.8210235773434059,
        "avg_recall": 0.7892759229495268,
        "avg_f_measure": 0.7972048422936671
    }
}