{
    "C": 1.5,
    "tol": 0.0005,
    "max_iter": 2000,
    "evaluation": {
        "precision": {
            "LOC": 0.8255700158480366,
            "NUM": 0.9819973748787308,
            "HUM": 0.8208686275817604,
            "ENTY": 0.7426066989744234,
            "ABBR": 0.8333333333333333,
            "DESC": 0.753993366759324
        },
        "recall": {
            "LOC": 0.8600000000000001,
            "NUM": 0.9395648165629605,
            "HUM": 0.6892753623188407,
            "ENTY": 0.7983275463275462,
            "ABBR": 0.7,
            "DESC": 0.7818181818181819
        },
        "f_measure": {
            "LOC": 0.8398048407119653,
            "NUM": 0.9599846065883801,
            "HUM": 0.7438419919725057,
            "ENTY": 0.7672026281943964,
            "ABBR": 0.7390476190476191,
            "DESC": 0.7652204817957531
        },
        "accuracy": 0.8143493109785245,
        "avg_precision": 0.8263949028959348,
        "avg_recall": 0.7948309845045882,
        "avg_f_measure": 0.8025170280517699
    }
}