{
    "C": 1.5,
    "tol": 0.5,
    "max_iter": 2000,
    "evaluation": {
        "precision": {
            "LOC": 0.8101324141696813,
            "NUM": 0.9786207515021074,
            "HUM": 0.8168514989928853,
            "ENTY": 0.7385214763504983,
            "ABBR": 0.8333333333333333,
            "DESC": 0.7557582261472897
        },
        "recall": {
            "LOC": 0.85,
            "NUM": 0.9395648165629605,
            "HUM": 0.693719806763285,
            "ENTY": 0.7903608463608462,
            "ABBR": 0.7,
            "DESC": 0.7772727272727273
        },
        "f_measure": {
            "LOC": 0.8270625682457519,
            "NUM": 0.9582810848848584,
            "HUM": 0.7455745547202601,
            "ENTY": 0.7611647105309036,
            "ABBR": 0.7390476190476191,
            "DESC": 0.7639848720869363
        },
        "accuracy": 0.8105967572259708,
        "avg_precision": 0.8222029500826326,
        "avg_recall": 0.7918196994933033,
        "avg_f_measure": 0.799185901586055
    }
}