{
    "C": 1.5,
    "tol": 0.1,
    "max_iter": 2000,
    "evaluation": {
        "precision": {
            "LOC": 0.8267945056439547,
            "NUM": 0.9819973748787308,
            "HUM": 0.8208686275817604,
            "ENTY": 0.7409715870983478,
            "ABBR": 0.8333333333333333,
            "DESC": 0.7559360124577517
        },
        "recall": {
            "LOC": 0.865,
            "NUM": 0.9395648165629605,
            "HUM": 0.6892753623188407,
            "ENTY": 0.7983275463275462,
            "ABBR": 0.7,
            "DESC": 0.7772727272727273
        },
        "f_measure": {
            "LOC": 0.8425514075034759,
            "NUM": 0.9599846065883801,
            "HUM": 0.7438419919725057,
            "ENTY": 0.7662950571411363,
            "ABBR": 0.7390476190476191,
            "DESC": 0.7640971606724319
        },
        "accuracy": 0.8143243359535495,
        "avg_precision": 0.8266502401656464,
        "avg_recall": 0.7949067420803458,
        "avg_f_measure": 0.8026363071542582
    }
}