{
    "C": 1.5,
    "tol": 0.001,
    "max_iter": 1500,
    "evaluation": {
        "precision": {
            "LOC": 0.8162659802659803,
            "NUM": 0.9819973748787308,
            "HUM": 0.8244763981645541,
            "ENTY": 0.7381398891889763,
            "ABBR": 0.8333333333333333,
            "DESC": 0.7587312605360186
        },
        "recall": {
            "LOC": 0.85,
            "NUM": 0.9395648165629605,
            "HUM": 0.6892753623188407,
            "ENTY": 0.8009609849609849,
            "ABBR": 0.7,
            "DESC": 0.7772727272727273
        },
        "f_measure": {
            "LOC": 0.8300393564669031,
            "NUM": 0.9599846065883801,
            "HUM": 0.7456652738799391,
            "ENTY": 0.7658489162877024,
            "ABBR": 0.7390476190476191,
            "DESC": 0.7657803081582304
        },
        "accuracy": 0.812834159463373,
        "avg_precision": 0.8254907060612655,
        "avg_recall": 0.7928456485192522,
        "avg_f_measure": 0.8010610134047956
    }
}