{
    "C": 1.5,
    "tol": 0.001,
    "max_iter": 5000,
    "evaluation": {
        "precision": {
            "LOC": 0.8245733381071727,
            "NUM": 0.9819973748787308,
            "HUM": 0.8166133084328242,
            "ENTY": 0.7386322852126221,
            "ABBR": 0.8333333333333333,
            "DESC": 0.7573108041559792
        },
        "recall": {
            "LOC": 0.8550000000000001,
            "NUM": 0.9395648165629605,
            "HUM": 0.6849275362318841,
            "ENTY": 0.7983275463275462,
            "ABBR": 0.7,
            "DESC": 0.7818181818181819
        },
        "f_measure": {
            "LOC": 0.8369250287813159,
            "NUM": 0.9599846065883801,
            "HUM": 0.7395409167036885,
            "ENTY": 0.7652104829135942,
            "ABBR": 0.7390476190476191,
            "DESC": 0.7667461690455823
        },
        "accuracy": 0.8128596957248642,
        "avg_precision": 0.8254100740201104,
        "avg_recall": 0.7932730134900955,
        "avg_f_measure": 0.8012424705133633
    }
}