{
    "C": 3,
    "tol": 0.001,
    "max_iter": 500,
    "evaluation": {
        "precision": {
            "LOC": 0.8056270022883295,
            "NUM": 0.9819973748787308,
            "HUM": 0.8147735137807441,
            "ENTY": 0.725414242620125,
            "ABBR": 0.82,
            "DESC": 0.7514507068277385
        },
        "recall": {
            "LOC": 0.845,
            "NUM": 0.9395648165629605,
            "HUM": 0.6805797101449276,
            "ENTY": 0.7906020106020106,
            "ABBR": 0.65,
            "DESC": 0.7636363636363637
        },
        "f_measure": {
            "LOC": 0.8224418604651162,
            "NUM": 0.9599846065883801,
            "HUM": 0.7348033300532063,
            "ENTY": 0.7531392135352012,
            "ABBR": 0.7047619047619047,
            "DESC": 0.7553111734673007
        },
        "accuracy": 0.8046767737778973,
        "avg_precision": 0.8165438067326113,
        "avg_recall": 0.7782304834910438,
        "avg_f_measure": 0.7884070148118516
    }
}