{
    "C": 1.5,
    "tol": 0.01,
    "max_iter": 2000,
    "evaluation": {
        "precision": {
            "LOC": 0.8267945056439547,
            "NUM": 0.9819973748787308,
            "HUM": 0.8208686275817604,
            "ENTY": 0.7426066989744234,
            "ABBR": 0.8333333333333333,
            "DESC": 0.7572311095900364
        },
        "recall": {
            "LOC": 0.865,
            "NUM": 0.9395648165629605,
            "HUM": 0.6892753623188407,
            "ENTY": 0.7983275463275462,
            "ABBR": 0.7,
            "DESC": 0.7818181818181819
        },
        "f_measure": {
            "LOC": 0.8425514075034759,
            "NUM": 0.9599846065883801,
            "HUM": 0.7438419919725057,
            "ENTY": 0.7672026281943964,
            "ABBR": 0.7390476190476191,
            "DESC": 0.7669298835051548
        },
        "accuracy": 0.8150819117111252,
        "avg_precision": 0.8271386083337064,
        "avg_recall": 0.7956643178379216,
        "avg_f_measure": 0.8032596894685886
    }
}