{
    "C": 0.5,
    "tol": 0.5,
    "max_iter": 500,
    "evaluation": {
        "precision": {
            "ENTY:substance": 0.5833333333333333,
            "NUM:ord": 1.0,
            "ENTY:veh": 0.6666666666666667,
            "NUM:dist": 0.7333333333333333,
            "NUM:speed": 0.9,
            "ENTY:product": 0.25,
            "ENTY:lang": 0.7333333333333333,
            "NUM:perc": 0.5133333333333333,
            "LOC:state": 0.85,
            "ENTY:currency": 0.8,
            "ENTY:letter": 0.15,
            "DESC:desc": 0.4951359751359751,
            "ENTY:termeq": 0.25,
            "LOC:country": 0.8755555555555556,
            "ENTY:dismed": 0.6619047619047619,
            "DESC:reason": 0.9433333333333334,
            "ENTY:food": 0.5326190476190475,
            "HUM:gr": 0.5433333333333333,
            "ENTY:animal": 0.58,
            "DESC:manner": 0.8672494172494172,
            "NUM:count": 0.8381016042780749,
            "HUM:desc": 0.9099999999999999,
            "ENTY:techmeth": 0.27999999999999997,
            "ENTY:religion": 0.4,
            "NUM:weight": 0.7333333333333333,
            "ENTY:sport": 0.42000000000000004,
            "ENTY:symbol": 0.5666666666666667,
            "DESC:def": 0.7099855699855699,
            "ENTY:instru": 0.6,
            "NUM:date": 0.9222222222222222,
            "ENTY:other": 0.25333333333333335,
            "NUM:other": 0.5,
            "LOC:mount": 0.63,
            "ABBR:abb": 0.9333333333333332,
            "NUM:period": 0.82,
            "LOC:city": 0.8933333333333333,
            "LOC:other": 0.6753846153846154,
            "HUM:title": 0.6833333333333333,
            "HUM:ind": 0.7406168831168831,
            "NUM:money": 0.6849999999999999,
            "ENTY:cremat": 0.4519607843137255,
            "ENTY:word": 0.7066666666666667,
            "NUM:temp": 0.6666666666666666,
            "ENTY:plant": 0.2333333333333333,
            "ENTY:body": 0.16666666666666666,
            "NUM:code": 0.9,
            "ENTY:color": 0.9199999999999999,
            "NUM:volsize": 0.7333333333333333,
            "ENTY:event": 0.3990476190476191,
            "ABBR:exp": 0.36666666666666664
        },
        "recall": {
            "ENTY:substance": 0.5,
            "NUM:ord": 1.0,
            "ENTY:veh": 0.5333333333333333,
            "NUM:dist": 0.5666666666666667,
            "NUM:speed": 1.0,
            "ENTY:product": 0.25,
            "ENTY:lang": 0.8,
            "NUM:perc": 0.45,
            "LOC:state": 0.8,
            "ENTY:currency": 1.0,
            "ENTY:letter": 0.2,
            "DESC:desc": 0.509090909090909,
            "ENTY:termeq": 0.2,
            "LOC:country": 0.8857142857142858,
            "ENTY:dismed": 0.7,
            "DESC:reason": 0.7818181818181819,
            "ENTY:food": 0.5666666666666667,
            "HUM:gr": 0.31111111111111106,
            "ENTY:animal": 0.43999999999999995,
            "DESC:manner": 0.9454545454545455,
            "NUM:count": 0.8588235294117647,
            "HUM:desc": 0.8,
            "ENTY:techmeth": 0.3333333333333333,
            "ENTY:religion": 0.6,
            "NUM:weight": 0.7,
            "ENTY:sport": 0.6,
            "ENTY:symbol": 0.5,
            "DESC:def": 0.8,
            "ENTY:instru": 0.6,
            "NUM:date": 0.82,
            "ENTY:other": 0.22857142857142856,
            "NUM:other": 0.2,
            "LOC:mount": 0.4666666666666666,
            "ABBR:abb": 0.8,
            "NUM:period": 0.85,
            "LOC:city": 0.8,
            "LOC:other": 0.7619047619047619,
            "HUM:title": 0.5333333333333333,
            "HUM:ind": 0.690344827586207,
            "NUM:money": 0.8466666666666667,
            "ENTY:cremat": 0.6,
            "ENTY:word": 0.8666666666666666,
            "NUM:temp": 0.6,
            "ENTY:plant": 0.3,
            "ENTY:body": 0.2,
            "NUM:code": 0.8,
            "ENTY:color": 1.0,
            "NUM:volsize": 0.7,
            "ENTY:event": 0.5,
            "ABBR:exp": 0.4
        },
        "f_measure": {
            "ENTY:substance": 0.51,
            "NUM:ord": 1.0,
            "ENTY:veh": 0.5676190476190476,
            "NUM:dist": 0.6076190476190476,
            "NUM:speed": 0.9333333333333333,
            "ENTY:product": 0.24714285714285716,
            "ENTY:lang": 0.76,
            "NUM:perc": 0.45999999999999996,
            "LOC:state": 0.8114285714285714,
            "ENTY:currency": 0.8666666666666666,
            "ENTY:letter": 0.16666666666666666,
            "DESC:desc": 0.4984815184815184,
            "ENTY:termeq": 0.21714285714285717,
            "LOC:country": 0.8674585218702866,
            "ENTY:dismed": 0.6794871794871795,
            "DESC:reason": 0.8476619083941739,
            "ENTY:food": 0.5447219447219447,
            "HUM:gr": 0.39326007326007323,
            "ENTY:animal": 0.48115440115440117,
            "DESC:manner": 0.903425559947299,
            "NUM:count": 0.8453859865624571,
            "HUM:desc": 0.8325396825396826,
            "ENTY:techmeth": 0.2942857142857143,
            "ENTY:religion": 0.4666666666666666,
            "NUM:weight": 0.6933333333333332,
            "ENTY:sport": 0.4833333333333333,
            "ENTY:symbol": 0.5133333333333333,
            "DESC:def": 0.7445594405594406,
            "ENTY:instru": 0.6,
            "NUM:date": 0.8581339712918661,
            "ENTY:other": 0.23469079939668175,
            "NUM:other": 0.27999999999999997,
            "LOC:mount": 0.4714285714285714,
            "ABBR:abb": 0.8266666666666665,
            "NUM:period": 0.8184126984126984,
            "LOC:city": 0.8206060606060606,
            "LOC:other": 0.7111816600018315,
            "HUM:title": 0.5647619047619047,
            "HUM:ind": 0.7078842018196857,
            "NUM:money": 0.7490442890442891,
            "ENTY:cremat": 0.5093137254901959,
            "ENTY:word": 0.7666666666666666,
            "NUM:temp": 0.6133333333333333,
            "ENTY:plant": 0.26,
            "ENTY:body": 0.18,
            "NUM:code": 0.8333333333333333,
            "ENTY:color": 0.9555555555555555,
            "NUM:volsize": 0.6933333333333334,
            "ENTY:event": 0.43797979797979797,
            "ABBR:exp": 0.38
        },
        "accuracy": 0.6637644974723627,
        "avg_precision": 0.633362347782936,
        "avg_recall": 0.6239233382799305,
        "avg_f_measure": 0.6101806842934472
    }
}