{
    "C": 2.5,
    "tol": 0.001,
    "max_iter": 500,
    "evaluation": {
        "precision": {
            "ENTY:substance": 0.6166666666666666,
            "NUM:ord": 1.0,
            "ENTY:veh": 0.6666666666666667,
            "NUM:dist": 0.78,
            "NUM:speed": 0.9,
            "ENTY:product": 0.20714285714285716,
            "ENTY:lang": 0.7333333333333333,
            "NUM:perc": 0.5333333333333333,
            "LOC:state": 0.9,
            "ENTY:currency": 0.8,
            "ENTY:letter": 0.16666666666666666,
            "DESC:desc": 0.49989787989787987,
            "ENTY:termeq": 0.2,
            "LOC:country": 0.8755555555555556,
            "ENTY:dismed": 0.633015873015873,
            "DESC:reason": 0.9433333333333334,
            "ENTY:food": 0.5126190476190475,
            "HUM:gr": 0.5457142857142857,
            "ENTY:animal": 0.41380952380952374,
            "DESC:manner": 0.8551615051615051,
            "NUM:count": 0.8219927536231884,
            "HUM:desc": 0.8433333333333334,
            "ENTY:techmeth": 0.2333333333333333,
            "ENTY:religion": 0.26666666666666666,
            "NUM:weight": 0.7333333333333333,
            "ENTY:sport": 0.3455555555555555,
            "ENTY:symbol": 0.4666666666666667,
            "DESC:def": 0.718015873015873,
            "ENTY:instru": 0.8,
            "NUM:date": 0.8862626262626264,
            "ENTY:other": 0.23936507936507936,
            "NUM:other": 0.5,
            "LOC:mount": 0.63,
            "ABBR:abb": 0.9333333333333332,
            "NUM:period": 0.74,
            "LOC:city": 0.8933333333333333,
            "LOC:other": 0.6719047619047619,
            "HUM:title": 0.6333333333333333,
            "HUM:ind": 0.7466825513196481,
            "NUM:money": 0.7142857142857142,
            "ENTY:cremat": 0.4535281385281385,
            "ENTY:word": 0.7066666666666667,
            "NUM:temp": 0.4,
            "ENTY:plant": 0.25,
            "ENTY:body": 0.3,
            "NUM:code": 1.0,
            "ENTY:color": 0.96,
            "NUM:volsize": 0.8,
            "ENTY:event": 0.36000000000000004,
            "ABBR:exp": 0.4666666666666666
        },
        "recall": {
            "ENTY:substance": 0.5,
            "NUM:ord": 1.0,
            "ENTY:veh": 0.5333333333333333,
            "NUM:dist": 0.5666666666666667,
            "NUM:speed": 1.0,
            "ENTY:product": 0.25,
            "ENTY:lang": 0.8,
            "NUM:perc": 0.45,
            "LOC:state": 0.8,
            "ENTY:currency": 1.0,
            "ENTY:letter": 0.2,
            "DESC:desc": 0.509090909090909,
            "ENTY:termeq": 0.13333333333333333,
            "LOC:country": 0.8857142857142858,
            "ENTY:dismed": 0.7,
            "DESC:reason": 0.7818181818181819,
            "ENTY:food": 0.5333333333333333,
            "HUM:gr": 0.31111111111111106,
            "ENTY:animal": 0.4,
            "DESC:manner": 0.9454545454545455,
            "NUM:count": 0.8588235294117647,
            "HUM:desc": 0.9,
            "ENTY:techmeth": 0.26666666666666666,
            "ENTY:religion": 0.4,
            "NUM:weight": 0.7,
            "ENTY:sport": 0.55,
            "ENTY:symbol": 0.4,
            "DESC:def": 0.8,
            "ENTY:instru": 0.6,
            "NUM:date": 0.8400000000000001,
            "ENTY:other": 0.22857142857142856,
            "NUM:other": 0.3333333333333333,
            "LOC:mount": 0.4666666666666666,
            "ABBR:abb": 0.9,
            "NUM:period": 0.85,
            "LOC:city": 0.8,
            "LOC:other": 0.7619047619047619,
            "HUM:title": 0.5333333333333333,
            "HUM:ind": 0.6701149425287356,
            "NUM:money": 0.8066666666666666,
            "ENTY:cremat": 0.6,
            "ENTY:word": 0.8,
            "NUM:temp": 0.4,
            "ENTY:plant": 0.4,
            "ENTY:body": 0.2,
            "NUM:code": 0.8,
            "ENTY:color": 1.0,
            "NUM:volsize": 0.7,
            "ENTY:event": 0.45,
            "ABBR:exp": 0.4
        },
        "f_measure": {
            "ENTY:substance": 0.5042857142857142,
            "NUM:ord": 1.0,
            "ENTY:veh": 0.5676190476190476,
            "NUM:dist": 0.6231746031746033,
            "NUM:speed": 0.9333333333333333,
            "ENTY:product": 0.21987012987012985,
            "ENTY:lang": 0.76,
            "NUM:perc": 0.47428571428571437,
            "LOC:state": 0.8400000000000001,
            "ENTY:currency": 0.8666666666666666,
            "ENTY:letter": 0.18,
            "DESC:desc": 0.5015584415584414,
            "ENTY:termeq": 0.16,
            "LOC:country": 0.8674585218702866,
            "ENTY:dismed": 0.6582750582750583,
            "DESC:reason": 0.8476619083941739,
            "ENTY:food": 0.5174492174492175,
            "HUM:gr": 0.39082417582417583,
            "ENTY:animal": 0.40161616161616154,
            "DESC:manner": 0.8960922266139658,
            "NUM:count": 0.8353896103896103,
            "HUM:desc": 0.8592063492063493,
            "ENTY:techmeth": 0.23555555555555557,
            "ENTY:religion": 0.3,
            "NUM:weight": 0.6933333333333332,
            "ENTY:sport": 0.4113308913308914,
            "ENTY:symbol": 0.4133333333333333,
            "DESC:def": 0.7466536426536426,
            "ENTY:instru": 0.6666666666666666,
            "NUM:date": 0.8507154249259512,
            "ENTY:other": 0.2292016806722689,
            "NUM:other": 0.4,
            "LOC:mount": 0.4714285714285714,
            "ABBR:abb": 0.8933333333333333,
            "NUM:period": 0.788888888888889,
            "LOC:city": 0.8206060606060606,
            "LOC:other": 0.7100079715106187,
            "HUM:title": 0.5733333333333333,
            "HUM:ind": 0.6973181138251967,
            "NUM:money": 0.7463092463092462,
            "ENTY:cremat": 0.5099422799422799,
            "ENTY:word": 0.7266666666666667,
            "NUM:temp": 0.4,
            "ENTY:plant": 0.3,
            "ENTY:body": 0.2333333333333333,
            "NUM:code": 0.8666666666666666,
            "ENTY:color": 0.9777777777777779,
            "NUM:volsize": 0.7333333333333333,
            "ENTY:event": 0.3949206349206349,
            "ABBR:exp": 0.4133333333333333
        },
        "accuracy": 0.6578280510864781,
        "avg_precision": 0.6259435249688756,
        "avg_recall": 0.6143187405787811,
        "avg_f_measure": 0.6021751390822714
    }
}