{
    "C": 0.5,
    "tol": 0.001,
    "max_iter": 250,
    "evaluation": {
        "precision": {
            "ENTY:substance": 0.4666666666666666,
            "NUM:ord": 1.0,
            "ENTY:veh": 0.65,
            "NUM:dist": 0.6666666666666666,
            "NUM:speed": 0.9,
            "ENTY:product": 0.24,
            "ENTY:lang": 0.7333333333333333,
            "NUM:perc": 0.5333333333333333,
            "LOC:state": 0.85,
            "ENTY:currency": 0.8,
            "ENTY:letter": 0.25,
            "DESC:desc": 0.49989787989787987,
            "ENTY:termeq": 0.25,
            "LOC:country": 0.8422222222222222,
            "ENTY:dismed": 0.654047619047619,
            "DESC:reason": 0.9433333333333334,
            "ENTY:food": 0.5383333333333333,
            "HUM:gr": 0.5766666666666667,
            "ENTY:animal": 0.5047619047619047,
            "DESC:manner": 0.8551615051615051,
            "NUM:count": 0.8287121212121212,
            "HUM:desc": 0.8433333333333334,
            "ENTY:techmeth": 0.27999999999999997,
            "ENTY:religion": 0.3,
            "NUM:weight": 0.8,
            "ENTY:sport": 0.36333333333333334,
            "ENTY:symbol": 0.7,
            "DESC:def": 0.718015873015873,
            "ENTY:instru": 0.7,
            "NUM:date": 0.8680808080808081,
            "ENTY:other": 0.22412698412698412,
            "NUM:other": 0.5,
            "LOC:mount": 0.63,
            "ABBR:abb": 0.9333333333333332,
            "NUM:period": 0.78,
            "LOC:city": 0.8933333333333333,
            "LOC:other": 0.6753846153846154,
            "HUM:title": 0.6833333333333333,
            "HUM:ind": 0.7244859307359307,
            "NUM:money": 0.6552380952380952,
            "ENTY:cremat": 0.4676948051948052,
            "ENTY:word": 0.74,
            "NUM:temp": 0.5,
            "ENTY:plant": 0.41666666666666663,
            "ENTY:body": 0.2,
            "NUM:code": 1.0,
            "ENTY:color": 0.96,
            "NUM:volsize": 0.7333333333333333,
            "ENTY:event": 0.3990476190476191,
            "ABBR:exp": 0.4666666666666666
        },
        "recall": {
            "ENTY:substance": 0.5,
            "NUM:ord": 1.0,
            "ENTY:veh": 0.5333333333333333,
            "NUM:dist": 0.5666666666666667,
            "NUM:speed": 1.0,
            "ENTY:product": 0.25,
            "ENTY:lang": 0.8,
            "NUM:perc": 0.45,
            "LOC:state": 0.8,
            "ENTY:currency": 1.0,
            "ENTY:letter": 0.2,
            "DESC:desc": 0.509090909090909,
            "ENTY:termeq": 0.2,
            "LOC:country": 0.8857142857142858,
            "ENTY:dismed": 0.7,
            "DESC:reason": 0.7818181818181819,
            "ENTY:food": 0.5333333333333333,
            "HUM:gr": 0.28888888888888886,
            "ENTY:animal": 0.48,
            "DESC:manner": 0.9454545454545455,
            "NUM:count": 0.8588235294117647,
            "HUM:desc": 0.8,
            "ENTY:techmeth": 0.3333333333333333,
            "ENTY:religion": 0.4,
            "NUM:weight": 0.7,
            "ENTY:sport": 0.6,
            "ENTY:symbol": 0.5,
            "DESC:def": 0.8,
            "ENTY:instru": 0.6,
            "NUM:date": 0.82,
            "ENTY:other": 0.22857142857142856,
            "NUM:other": 0.2,
            "LOC:mount": 0.4666666666666666,
            "ABBR:abb": 0.9,
            "NUM:period": 0.85,
            "LOC:city": 0.7666666666666667,
            "LOC:other": 0.7619047619047619,
            "HUM:title": 0.5333333333333333,
            "HUM:ind": 0.683448275862069,
            "NUM:money": 0.8066666666666666,
            "ENTY:cremat": 0.6,
            "ENTY:word": 0.8666666666666666,
            "NUM:temp": 0.5,
            "ENTY:plant": 0.4,
            "ENTY:body": 0.2,
            "NUM:code": 0.8,
            "ENTY:color": 1.0,
            "NUM:volsize": 0.7,
            "ENTY:event": 0.5,
            "ABBR:exp": 0.4
        },
        "f_measure": {
            "ENTY:substance": 0.46333333333333326,
            "NUM:ord": 1.0,
            "ENTY:veh": 0.5542857142857143,
            "NUM:dist": 0.5809523809523809,
            "NUM:speed": 0.9333333333333333,
            "ENTY:product": 0.23873015873015876,
            "ENTY:lang": 0.76,
            "NUM:perc": 0.47428571428571437,
            "LOC:state": 0.8114285714285714,
            "ENTY:currency": 0.8666666666666666,
            "ENTY:letter": 0.2,
            "DESC:desc": 0.5015584415584414,
            "ENTY:termeq": 0.21714285714285717,
            "LOC:country": 0.8546380090497738,
            "ENTY:dismed": 0.672194472194472,
            "DESC:reason": 0.8476619083941739,
            "ENTY:food": 0.5307359307359307,
            "HUM:gr": 0.38146520146520146,
            "ENTY:animal": 0.47777777777777775,
            "DESC:manner": 0.8960922266139658,
            "NUM:count": 0.8397485847485846,
            "HUM:desc": 0.8134920634920635,
            "ENTY:techmeth": 0.2942857142857143,
            "ENTY:religion": 0.3333333333333333,
            "NUM:weight": 0.7333333333333333,
            "ENTY:sport": 0.4337362637362638,
            "ENTY:symbol": 0.5666666666666667,
            "DESC:def": 0.7466536426536426,
            "ENTY:instru": 0.6333333333333333,
            "NUM:date": 0.8316678058783322,
            "ENTY:other": 0.22370717517776337,
            "NUM:other": 0.27999999999999997,
            "LOC:mount": 0.4714285714285714,
            "ABBR:abb": 0.8933333333333333,
            "NUM:period": 0.8111111111111111,
            "LOC:city": 0.8024242424242424,
            "LOC:other": 0.7111816600018315,
            "HUM:title": 0.5647619047619047,
            "HUM:ind": 0.6951340006639546,
            "NUM:money": 0.7164102564102565,
            "ENTY:cremat": 0.5175707384403037,
            "ENTY:word": 0.78,
            "NUM:temp": 0.5,
            "ENTY:plant": 0.38,
            "ENTY:body": 0.2,
            "NUM:code": 0.8666666666666666,
            "ENTY:color": 0.9777777777777779,
            "NUM:volsize": 0.6933333333333334,
            "ENTY:event": 0.43797979797979797,
            "ABBR:exp": 0.4133333333333333
        },
        "accuracy": 0.6607908186559872,
        "avg_precision": 0.6347708929958931,
        "avg_recall": 0.62000762946767,
        "avg_f_measure": 0.6084937468450783
    }
}